nom,prenom,identifiant
nguewo,rose,1
nanmegni,Alain,2
keti,sorelle,3
mbarga,jean,4
tchoumi,paul,5
fotsing,marie,6
kamdem,luc,7
noumsi,anne,8
fokou,david,9
tamga,isabelle,10
manga,patrick,11
kouam,elodie,12
biloa,stephane,13
ndongo,laure,14
essomba,kevin,15
abega,sarah,16
mben,francis,17
ndjock,agnes,18
eyenga,olivier,19
beti,claire,20
tsinga,jules,21
ekani,nathalie,22
mbida,alexandre,23
ndema,linda,24
talla,brice,25
kemayou,monique,26
njoh,robert,27
bessa,judith,28
mvondo,emmanuel,29
zang,florence,30
tchinda,daniel,31
fouda,christine,32
ongla,eric,33
tita,esther,34
belinga,ivan,35
ndifor,pauline,36
ebanda,simon,37
nkou,melanie,38
essono,bernard,39
eyebe,veronique,40
kounga,joseph,41
ngassa,irene,42
mbala,cedric,43
ndjana,sylvie,44
etoga,thierry,45
ndzomo,patricia,46
minka,frederic,47
ngameni,lucie,48
mbembe,hugues,49
ekotto,caroline,50
nfor,julien,51
abanda,celine,52
ndoumbe,marc,53
esono,beatrice,54
ngono,felix,55
mbome,aline,56
ndjomo,vincent,57
fomekong,laetitia,58
ngoua,pierre,59
mbenoun,helene,60
tamga,richard,61
tchami,sabine,62
ekani,philippe,63
ngatchou,roseline,64
biloa,jeanluc,65
ndjemba,martine,66
mbassi,antoine,67
fokam,danielle,68
ndzie,serge,69
mvogo,chantal,70
ekobo,arnaud,71
ndinga,carole,72
tchana,bruno,73
mbock,floriane,74
essame,laurent,75
ngah,monica,76
beyala,christophe,77
nomo,angeline,78
tsamo,raphael,79
ekwe,odile,80
mbarga,denis,81
ngalle,virginie,82
fossou,albert,83
ndjama,rose,84
eyong,mathieu,85
ndifon,jessica,86
mbene,claudine,87
tchinda,yannick,88
fomena,agnes,89
ndongo,patrick,90
mboua,sylvain,91
nguefack,estelle,92
ndikum,jeff,93
biloa,sonia,94
ekale,remy,95
ndoume,brigitte,96
tchato,loic,97
mbassi,ines,98
ngono,arnaud,99
